{"cameraMode":{"drawMode":0,"name":"Shaded","section":"Shading Mode"},"sceneLighting":false,"audioPlay":false,"sceneViewState":{"m_AlwaysRefresh":false,"showFog":true,"showSkybox":false,"showFlares":true,"showImageEffects":true,"showParticleSystems":true,"showVisualEffectGraphs":true,"m_FxEnabled":true},"in2DMode":false,"pivot":{"x":-3.5399999618530275,"y":0.07154235988855362,"z":122.05999755859375},"rotation":{"x":0.08978699892759323,"y":-0.046594809740781787,"z":0.004283932503312826,"w":0.9949855208396912},"size":1.9482537508010865,"orthographic":false}